{
    "best_score": 0.16979184631799948,
    "best_thresholds": {
        "60日涨跌幅": [
            0.0456069984217036,
            0.9785175961393013
        ],
        "年初至今涨跌幅": [
            0.019967378215835975,
            0.9514234438413611
        ],
        "成交额": [
            0.05924145688620425,
            0.9046450412719997
        ],
        "振幅": [
            0.06075448519014384,
            0.9170524123687291
        ],
        "量比": [
            0.006505159298527952,
            0.9948885537253334
        ],
        "换手率": [
            0.09656320330745594,
            0.9808397348116461
        ],
        "总市值": [
            0.03046137691733707,
            0.9097672114006384
        ],
        "流通市值": [
            0.0684233026512157,
            0.9440152493739602
        ]
    },
    "best_weights": [
        0.0,
        0.3333333333333333,
        0.0,
        0.3333333333333333,
        0.0,
        0.0,
        0.3333333333333333,
        0.0
    ],
    "best_ascending_dict": {
        "60日涨跌幅": 